{
    "root_group": {
        "groups": {},
        "checks": {
                "status is 200": {
                    "name": "status is 200",
                    "path": "::status is 200",
                    "id": "6210a8cd14cd70477eba5c5e4cb3fb5f",
                    "passes": 68312,
                    "fails": 7
                },
                "response time < 1000ms": {
                    "id": "20fb4e832cf064157637fa0f29b41aa6",
                    "passes": 64574,
                    "fails": 3745,
                    "name": "response time < 1000ms",
                    "path": "::response time < 1000ms"
                }
            },
        "name": "",
        "path": "",
        "id": "d41d8cd98f00b204e9800998ecf8427e"
    },
    "metrics": {
        "http_req_failed": {
            "passes": 7,
            "fails": 68312,
            "thresholds": {
                "rate<0.01": false
            },
            "value": 0.00010246051610825686
        },
        "http_req_receiving": {
            "avg": 89.67290370321562,
            "min": 0,
            "med": 54.951,
            "max": 12263.3761,
            "p(90)": 178.25512000000032,
            "p(95)": 261.4975
        },
        "vus_max": {
            "value": 1000,
            "min": 1000,
            "max": 1000
        },
        "iteration_duration": {
            "max": 61000.8892,
            "p(90)": 1627.0053400000002,
            "p(95)": 2069.55724,
            "avg": 1325.8255736252363,
            "min": 1032.2515,
            "med": 1162.1243
        },
        "http_req_connecting": {
            "med": 0,
            "max": 2314.7429,
            "p(90)": 0,
            "p(95)": 0,
            "avg": 2.4360139170655306,
            "min": 0
        },
        "vus": {
            "value": 1,
            "min": 1,
            "max": 1000
        },
        "http_req_duration": {
            "p(90)": 614.9841200000003,
            "p(95)": 1058.88346,
            "avg": 322.2759477612333,
            "min": 0,
            "med": 160.5427,
            "max": 60000.4047,
            "thresholds": {
                "p(95)<1000": true,
                "p(99)<3000": true
            }
        },
        "http_reqs": {
            "count": 68319,
            "rate": 564.743422041071
        },
        "checks": {
            "passes": 132886,
            "fails": 3752,
            "value": 0.9725405816829872
        },
        "http_req_duration{expected_response:true}": {
            "min": 31.6696,
            "med": 160.5427,
            "max": 20728.2473,
            "p(90)": 614.9619700000001,
            "p(95)": 1058.8728,
            "avg": 321.4102404657996
        },
        "iterations": {
            "count": 68319,
            "rate": 564.743422041071
        },
        "http_req_blocked": {
            "min": 0,
            "med": 0,
            "max": 2314.7429,
            "p(90)": 0,
            "p(95)": 0,
            "avg": 2.468823134120821
        },
        "http_req_tls_handshaking": {
            "max": 0,
            "p(90)": 0,
            "p(95)": 0,
            "avg": 0,
            "min": 0,
            "med": 0
        },
        "data_sent": {
            "count": 9088821,
            "rate": 75130.66458611439
        },
        "http_req_waiting": {
            "max": 60000.4047,
            "p(90)": 413.17542000000105,
            "p(95)": 825.5850499999999,
            "avg": 232.5278770034673,
            "min": 0,
            "med": 102.1752
        },
        "http_req_sending": {
            "p(95)": 0,
            "avg": 0.07516705455290648,
            "min": 0,
            "med": 0,
            "max": 1322.7764,
            "p(90)": 0
        },
        "data_received": {
            "count": 897381020,
            "rate": 7417995.405516867
        }
    }
}