{
    "metrics": {
        "http_req_duration": {
            "avg": 172.78156803347258,
            "min": 0.5755,
            "med": 206.521,
            "max": 914.2334,
            "p(90)": 271.739,
            "p(95)": 300.2364,
            "thresholds": {
                "p(95)<1000": false,
                "p(99)<3000": false
            }
        },
        "http_req_connecting": {
            "avg": 0.006959603884696962,
            "min": 0,
            "med": 0,
            "max": 8.9384,
            "p(90)": 0,
            "p(95)": 0
        },
        "data_sent": {
            "count": 44825736,
            "rate": 373467.8184432254
        },
        "http_req_sending": {
            "min": 0,
            "med": 0,
            "max": 17.352,
            "p(90)": 0,
            "p(95)": 0,
            "avg": 0.004755489516111907
        },
        "http_req_duration{expected_response:true}": {
            "avg": 172.78156803347258,
            "min": 0.5755,
            "med": 206.521,
            "max": 914.2334,
            "p(90)": 271.739,
            "p(95)": 300.2364
        },
        "http_req_blocked": {
            "min": 0,
            "med": 0,
            "max": 10.0249,
            "p(90)": 0,
            "p(95)": 0,
            "avg": 0.008593978173609927
        },
        "vus_max": {
            "value": 1000,
            "min": 1000,
            "max": 1000
        },
        "http_reqs": {
            "count": 329601,
            "rate": 2746.0869003178336
        },
        "http_req_receiving": {
            "p(90)": 0.5666,
            "p(95)": 0.6237,
            "avg": 0.22153884514913416,
            "min": 0,
            "med": 0,
            "max": 20.4892
        },
        "checks": {
            "passes": 659202,
            "fails": 0,
            "value": 1
        },
        "iterations": {
            "count": 329601,
            "rate": 2746.0869003178336
        },
        "iteration_duration": {
            "min": 101.1103,
            "med": 307.0655,
            "max": 1015.6291,
            "p(90)": 372.3668,
            "p(95)": 400.8936,
            "avg": 273.33456129108356
        },
        "http_req_failed": {
            "passes": 0,
            "fails": 329601,
            "thresholds": {
                "rate<0.01": false
            },
            "value": 0
        },
        "data_received": {
            "count": 4315812391,
            "rate": 35957402.65094611
        },
        "vus": {
            "max": 1000,
            "value": 3,
            "min": 3
        },
        "http_req_tls_handshaking": {
            "min": 0,
            "med": 0,
            "max": 0,
            "p(90)": 0,
            "p(95)": 0,
            "avg": 0
        },
        "http_req_waiting": {
            "avg": 172.55527369880605,
            "min": 0.5314,
            "med": 206.3057,
            "max": 914.2334,
            "p(90)": 271.506,
            "p(95)": 299.9806
        }
    },
    "root_group": {
        "name": "",
        "path": "",
        "id": "d41d8cd98f00b204e9800998ecf8427e",
        "groups": {},
        "checks": {
                "status is 200": {
                    "name": "status is 200",
                    "path": "::status is 200",
                    "id": "6210a8cd14cd70477eba5c5e4cb3fb5f",
                    "passes": 329601,
                    "fails": 0
                },
                "response time < 1000ms": {
                    "id": "20fb4e832cf064157637fa0f29b41aa6",
                    "passes": 329601,
                    "fails": 0,
                    "name": "response time < 1000ms",
                    "path": "::response time < 1000ms"
                }
            }
    }
}