{
    "root_group": {
        "checks": {
            "status is 200": {
                "passes": 168323,
                "fails": 0,
                "name": "status is 200",
                "path": "::status is 200",
                "id": "6210a8cd14cd70477eba5c5e4cb3fb5f"
            },
            "response time < 1000ms": {
                "name": "response time < 1000ms",
                "path": "::response time < 1000ms",
                "id": "20fb4e832cf064157637fa0f29b41aa6",
                "passes": 157526,
                "fails": 10797
            }
        },
        "name": "",
        "path": "",
        "id": "d41d8cd98f00b204e9800998ecf8427e",
        "groups": {}
    },
    "metrics": {
        "iteration_duration": {
            "min": 102.9948,
            "med": 543.2771,
            "max": 7771.4715,
            "p(90)": 761.9044800000004,
            "p(95)": 1281.25051,
            "avg": 536.5484872732875
        },
        "vus_max": {
            "value": 1000,
            "min": 1000,
            "max": 1000
        },
        "http_req_sending": {
            "min": 0,
            "med": 0,
            "max": 18.1763,
            "p(90)": 0,
            "p(95)": 0,
            "avg": 0.01138052731949882
        },
        "data_sent": {
            "rate": 182222.03794783753,
            "count": 21881990
        },
        "vus": {
            "value": 3,
            "min": 3,
            "max": 1000
        },
        "http_req_waiting": {
            "min": 2.632,
            "med": 442.2348,
            "max": 7669.4716,
            "p(90)": 661.2867600000002,
            "p(95)": 1180.1888599999997,
            "avg": 435.5398027245176
        },
        "checks": {
            "passes": 325849,
            "fails": 10797,
            "value": 0.9679277341777416
        },
        "http_req_duration": {
            "avg": 435.84186379638464,
            "min": 2.632,
            "med": 442.5628,
            "max": 7670.0485,
            "p(90)": 661.4794600000006,
            "p(95)": 1180.6277899999993,
            "thresholds": {
                "p(95)<1000": true,
                "p(99)<3000": false
            }
        },
        "http_req_blocked": {
            "avg": 0.013175606423364615,
            "min": 0,
            "med": 0,
            "max": 16.0552,
            "p(90)": 0,
            "p(95)": 0
        },
        "http_req_connecting": {
            "p(95)": 0,
            "avg": 0.008782082662500097,
            "min": 0,
            "med": 0,
            "max": 12.0698,
            "p(90)": 0
        },
        "data_received": {
            "count": 2204025445,
            "rate": 18353998.34643876
        },
        "iterations": {
            "rate": 1401.7079842141347,
            "count": 168323
        },
        "http_req_failed": {
            "passes": 0,
            "fails": 168323,
            "thresholds": {
                "rate<0.01": false
            },
            "value": 0
        },
        "http_req_tls_handshaking": {
            "avg": 0,
            "min": 0,
            "med": 0,
            "max": 0,
            "p(90)": 0,
            "p(95)": 0
        },
        "http_req_receiving": {
            "min": 0,
            "med": 0,
            "max": 62.7145,
            "p(90)": 0.579,
            "p(95)": 1.0012,
            "avg": 0.29068054454828135
        },
        "http_reqs": {
            "count": 168323,
            "rate": 1401.7079842141347
        },
        "http_req_duration{expected_response:true}": {
            "avg": 435.84186379638464,
            "min": 2.632,
            "med": 442.5628,
            "max": 7670.0485,
            "p(90)": 661.4794600000006,
            "p(95)": 1180.6277899999993
        }
    }
}