{
    "metrics": {
        "http_req_waiting": {
            "min": 0,
            "med": 89.9836,
            "max": 1901.7325,
            "p(90)": 271.93481000000025,
            "p(95)": 374.2770399999999,
            "avg": 137.1401979594839
        },
        "http_req_connecting": {
            "p(95)": 0,
            "avg": 0.7254902311429035,
            "min": 0,
            "med": 0,
            "max": 481.5245,
            "p(90)": 0
        },
        "vus": {
            "value": 1,
            "min": 1,
            "max": 1000
        },
        "http_req_blocked": {
            "avg": 0.7542431364437092,
            "min": 0,
            "med": 0,
            "max": 481.5245,
            "p(90)": 0,
            "p(95)": 0
        },
        "checks": {
            "passes": 148887,
            "fails": 977,
            "value": 0.993480755885336
        },
        "data_received": {
            "count": 984242571,
            "rate": 8135980.249518117
        },
        "http_req_sending": {
            "min": 0,
            "med": 0,
            "max": 706.7125,
            "p(90)": 0,
            "p(95)": 0,
            "avg": 0.060361437036246114
        },
        "vus_max": {
            "value": 1000,
            "min": 1000,
            "max": 1000
        },
        "http_reqs": {
            "rate": 619.4055104093761,
            "count": 74932
        },
        "data_sent": {
            "rate": 83648.75838961874,
            "count": 10119330
        },
        "http_req_duration": {
            "p(95)": 546.7453799999997,
            "avg": 206.21773895798876,
            "min": 0,
            "med": 139.7566,
            "max": 2302.829,
            "p(90)": 399.3254,
            "thresholds": {
                "p(99)<3000": false,
                "p(95)<1000": false
            }
        },
        "http_req_duration{expected_response:true}": {
            "avg": 206.22874780589385,
            "min": 32.8814,
            "med": 139.7605,
            "max": 2302.829,
            "p(90)": 399.34454000000017,
            "p(95)": 546.7674599999993
        },
        "http_req_tls_handshaking": {
            "avg": 0,
            "min": 0,
            "med": 0,
            "max": 0,
            "p(90)": 0,
            "p(95)": 0
        },
        "iteration_duration": {
            "p(95)": 1548.8343,
            "avg": 1208.5650140287678,
            "min": 1035.2185,
            "med": 1141.4142000000002,
            "max": 22059.1763,
            "p(90)": 1400.3317
        },
        "http_req_failed": {
            "passes": 4,
            "fails": 74928,
            "thresholds": {
                "rate<0.01": false
            },
            "value": 0.00005338173277104575
        },
        "iterations": {
            "count": 74932,
            "rate": 619.4055104093761
        },
        "http_req_receiving": {
            "max": 1657.9164,
            "p(90)": 142.5297900000001,
            "p(95)": 203.2414849999999,
            "avg": 69.01717956147,
            "min": 0,
            "med": 49.0327
        }
    },
    "root_group": {
        "name": "",
        "path": "",
        "id": "d41d8cd98f00b204e9800998ecf8427e",
        "groups": {},
        "checks": {
                "status is 200": {
                    "passes": 74928,
                    "fails": 4,
                    "name": "status is 200",
                    "path": "::status is 200",
                    "id": "6210a8cd14cd70477eba5c5e4cb3fb5f"
                },
                "response time < 1000ms": {
                    "id": "20fb4e832cf064157637fa0f29b41aa6",
                    "passes": 73959,
                    "fails": 973,
                    "name": "response time < 1000ms",
                    "path": "::response time < 1000ms"
                }
            }
    }
}