{
    "root_group": {
        "id": "d41d8cd98f00b204e9800998ecf8427e",
        "groups": {},
        "checks": {
                "status is 200": {
                    "name": "status is 200",
                    "path": "::status is 200",
                    "id": "6210a8cd14cd70477eba5c5e4cb3fb5f",
                    "passes": 71512,
                    "fails": 6
                },
                "response time < 1000ms": {
                    "name": "response time < 1000ms",
                    "path": "::response time < 1000ms",
                    "id": "20fb4e832cf064157637fa0f29b41aa6",
                    "passes": 70956,
                    "fails": 562
                }
            },
        "name": "",
        "path": ""
    },
    "metrics": {
        "http_req_connecting": {
            "avg": 1.4297686148941529,
            "min": 0,
            "med": 0,
            "max": 2506.5159,
            "p(90)": 0,
            "p(95)": 0
        },
        "http_req_waiting": {
            "med": 126.7597,
            "max": 3364.2841,
            "p(90)": 301.5038600000001,
            "p(95)": 393.22790999999984,
            "avg": 165.9972031362738,
            "min": 0
        },
        "vus_max": {
            "min": 1000,
            "max": 1000,
            "value": 1000
        },
        "data_sent": {
            "count": 9228273,
            "rate": 76394.45546239885
        },
        "http_req_tls_handshaking": {
            "avg": 0,
            "min": 0,
            "med": 0,
            "max": 0,
            "p(90)": 0,
            "p(95)": 0
        },
        "http_req_receiving": {
            "min": 0,
            "med": 67.2452,
            "max": 58018.9441,
            "p(90)": 207.57653000000002,
            "p(95)": 258.8835149999996,
            "avg": 97.43815801197017
        },
        "iterations": {
            "count": 71518,
            "rate": 592.0477933151567
        },
        "http_req_failed": {
            "passes": 6,
            "fails": 71512,
            "thresholds": {
                "rate<0.01": false
            },
            "value": 0.00008389496350569087
        },
        "http_reqs": {
            "count": 71518,
            "rate": 592.0477933151567
        },
        "http_req_blocked": {
            "avg": 1.4549106882183505,
            "min": 0,
            "med": 0,
            "max": 2506.5159,
            "p(90)": 0,
            "p(95)": 0
        },
        "data_received": {
            "count": 939455511,
            "rate": 7777098.942997748
        },
        "vus": {
            "value": 20,
            "min": 20,
            "max": 1000
        },
        "http_req_sending": {
            "avg": 0.05153209262003979,
            "min": 0,
            "med": 0,
            "max": 619.1987,
            "p(90)": 0,
            "p(95)": 0
        },
        "http_req_duration{expected_response:true}": {
            "avg": 262.6657995637129,
            "min": 35.1561,
            "med": 199.47199999999998,
            "max": 3781.8562,
            "p(90)": 486.6388700000001,
            "p(95)": 612.16311
        },
        "iteration_duration": {
            "max": 61001.144,
            "p(90)": 1488.4778800000001,
            "p(95)": 1615.1019799999997,
            "avg": 1266.6866474873318,
            "min": 1037.72,
            "med": 1200.2899
        },
        "http_req_duration": {
            "avg": 263.48689324086473,
            "min": 0,
            "med": 199.45600000000002,
            "max": 60000.4047,
            "p(90)": 486.64692,
            "p(95)": 612.1817,
            "thresholds": {
                "p(95)<1000": false,
                "p(99)<3000": false
            }
        },
        "checks": {
            "passes": 142468,
            "fails": 568,
            "value": 0.9960289717273973
        }
    }
}