{
    "root_group": {
        "name": "",
        "path": "",
        "id": "d41d8cd98f00b204e9800998ecf8427e",
        "groups": {},
        "checks": {
                "status is 200": {
                    "path": "::status is 200",
                    "id": "6210a8cd14cd70477eba5c5e4cb3fb5f",
                    "passes": 42933,
                    "fails": 4,
                    "name": "status is 200"
                },
                "response time < 1000ms": {
                    "name": "response time < 1000ms",
                    "path": "::response time < 1000ms",
                    "id": "20fb4e832cf064157637fa0f29b41aa6",
                    "passes": 17045,
                    "fails": 25892
                }
            }
    },
    "metrics": {
        "http_req_duration": {
            "p(95)": 1965.9887,
            "avg": 1111.7519172182426,
            "min": 0,
            "med": 1050.2461,
            "max": 32101.0599,
            "p(90)": 1899.80536,
            "thresholds": {
                "p(95)<1000": true,
                "p(99)<3000": false
            }
        },
        "checks": {
            "passes": 59978,
            "fails": 25896,
            "value": 0.6984419032536041
        },
        "data_received": {
            "count": 564078305,
            "rate": 4660061.788005056
        },
        "http_req_failed": {
            "passes": 4,
            "fails": 42933,
            "thresholds": {
                "rate<0.01": false
            },
            "value": 0.00009315974567389432
        },
        "http_req_receiving": {
            "avg": 43.717850380791056,
            "min": 0,
            "med": 43.9141,
            "max": 1229.6068,
            "p(90)": 63.1022,
            "p(95)": 75.7821
        },
        "http_req_duration{expected_response:true}": {
            "max": 32101.0599,
            "p(90)": 1899.8233200000002,
            "p(95)": 1965.9887,
            "avg": 1111.8482784384898,
            "min": 35.6351,
            "med": 1050.3078
        },
        "vus_max": {
            "max": 1000,
            "value": 1000,
            "min": 1000
        },
        "http_req_connecting": {
            "avg": 1.2639076367701518,
            "min": 0,
            "med": 0,
            "max": 372.4737,
            "p(90)": 0,
            "p(95)": 0
        },
        "http_reqs": {
            "count": 42937,
            "rate": 354.71861126013897
        },
        "http_req_blocked": {
            "max": 372.4737,
            "p(90)": 0,
            "p(95)": 0,
            "avg": 1.2916225120525435,
            "min": 0,
            "med": 0
        },
        "http_req_sending": {
            "med": 0,
            "max": 30189.792,
            "p(90)": 0,
            "p(95)": 0,
            "avg": 4.256631511283974,
            "min": 0
        },
        "http_req_waiting": {
            "avg": 1063.7774353261734,
            "min": 0,
            "med": 1001.7289,
            "max": 3578.5563,
            "p(90)": 1856.69874,
            "p(95)": 1918.7992999999994
        },
        "vus": {
            "min": 1,
            "max": 1000,
            "value": 1
        },
        "data_sent": {
            "count": 5455666,
            "rate": 45071.296714236145
        },
        "iterations": {
            "count": 42937,
            "rate": 354.71861126013897
        },
        "http_req_tls_handshaking": {
            "avg": 0,
            "min": 0,
            "med": 0,
            "max": 0,
            "p(90)": 0,
            "p(95)": 0
        },
        "iteration_duration": {
            "avg": 2115.0464376295677,
            "min": 1037.3649,
            "med": 2051.0117,
            "max": 33101.582,
            "p(90)": 2900.53494,
            "p(95)": 2967.01062
        }
    }
}