{
    "root_group": {
        "name": "",
        "path": "",
        "id": "d41d8cd98f00b204e9800998ecf8427e",
        "groups": {},
        "checks": {
                "status is 200": {
                    "id": "6210a8cd14cd70477eba5c5e4cb3fb5f",
                    "passes": 418211,
                    "fails": 0,
                    "name": "status is 200",
                    "path": "::status is 200"
                },
                "response time < 1000ms": {
                    "name": "response time < 1000ms",
                    "path": "::response time < 1000ms",
                    "id": "20fb4e832cf064157637fa0f29b41aa6",
                    "passes": 418192,
                    "fails": 19
                }
            }
    },
    "metrics": {
        "data_sent": {
            "count": 57713118,
            "rate": 480784.42464715603
        },
        "http_reqs": {
            "count": 418211,
            "rate": 3483.9451061388118
        },
        "http_req_waiting": {
            "med": 101.377,
            "max": 1316.0526,
            "p(90)": 230.0613,
            "p(95)": 297.62865,
            "avg": 114.54719420579744,
            "min": 0.5097
        },
        "vus": {
            "value": 3,
            "min": 3,
            "max": 1000
        },
        "http_req_connecting": {
            "avg": 0.007459015664341695,
            "min": 0,
            "med": 0,
            "max": 8.6227,
            "p(90)": 0,
            "p(95)": 0
        },
        "checks": {
            "passes": 836403,
            "fails": 19,
            "value": 0.9999772841938639
        },
        "data_received": {
            "count": 5476077028,
            "rate": 45618962.10893489
        },
        "iterations": {
            "count": 418211,
            "rate": 3483.9451061388118
        },
        "http_req_duration{expected_response:true}": {
            "p(95)": 298.0091,
            "avg": 114.8064516062445,
            "min": 0.8091,
            "med": 101.6469,
            "max": 1316.5651,
            "p(90)": 230.3359
        },
        "http_req_receiving": {
            "avg": 0.25136468648600957,
            "min": 0,
            "med": 0,
            "max": 61.4155,
            "p(90)": 0.5745,
            "p(95)": 0.71875
        },
        "iteration_duration": {
            "max": 1416.8615,
            "p(90)": 330.9934,
            "p(95)": 398.58925,
            "avg": 215.3944348180637,
            "min": 101.0818,
            "med": 202.1959
        },
        "http_req_tls_handshaking": {
            "max": 0,
            "p(90)": 0,
            "p(95)": 0,
            "avg": 0,
            "min": 0,
            "med": 0
        },
        "http_req_failed": {
            "passes": 0,
            "fails": 418211,
            "thresholds": {
                "rate<0.01": false
            },
            "value": 0
        },
        "http_req_duration": {
            "med": 101.6469,
            "max": 1316.5651,
            "p(90)": 230.3359,
            "p(95)": 298.0091,
            "avg": 114.8064516062445,
            "min": 0.8091,
            "thresholds": {
                "p(95)<1000": false,
                "p(99)<3000": false
            }
        },
        "http_req_blocked": {
            "min": 0,
            "med": 0,
            "max": 13.0232,
            "p(90)": 0,
            "p(95)": 0,
            "avg": 0.009968021883690297
        },
        "vus_max": {
            "value": 1000,
            "min": 1000,
            "max": 1000
        },
        "http_req_sending": {
            "avg": 0.007892713964960265,
            "min": 0,
            "med": 0,
            "max": 46.5918,
            "p(90)": 0,
            "p(95)": 0
        }
    }
}