{
    "metrics": {
        "http_req_sending": {
            "p(95)": 0,
            "avg": 0.050958765361375884,
            "min": 0,
            "med": 0,
            "max": 421.6555,
            "p(90)": 0
        },
        "http_req_duration{expected_response:true}": {
            "avg": 233.93492333050781,
            "min": 34.1456,
            "med": 151.1997,
            "max": 6940.365,
            "p(90)": 401.2257,
            "p(95)": 658.9672499999999
        },
        "data_sent": {
            "count": 9754619,
            "rate": 80772.04450290024
        },
        "http_req_duration": {
            "p(90)": 401.2257,
            "p(95)": 658.9614999999997,
            "avg": 233.93173259816294,
            "min": 0,
            "med": 151.1997,
            "max": 6940.365,
            "thresholds": {
                "p(95)<1000": false,
                "p(99)<3000": false
            }
        },
        "http_reqs": {
            "count": 73317,
            "rate": 607.0933151586071
        },
        "checks": {
            "fails": 2891,
            "passes": 143743,
            "value": 0.9802842451273238
        },
        "vus": {
            "min": 25,
            "max": 1000,
            "value": 25
        },
        "vus_max": {
            "min": 1000,
            "max": 1000,
            "value": 1000
        },
        "iterations": {
            "count": 73317,
            "rate": 607.0933151586071
        },
        "http_req_blocked": {
            "avg": 1.281952087510401,
            "min": 0,
            "med": 0,
            "max": 15084.6947,
            "p(90)": 0,
            "p(95)": 0
        },
        "http_req_connecting": {
            "p(95)": 0,
            "avg": 1.2571882973935107,
            "min": 0,
            "med": 0,
            "max": 15084.6947,
            "p(90)": 0
        },
        "data_received": {
            "count": 963057498,
            "rate": 7974491.170522166
        },
        "http_req_receiving": {
            "p(90)": 148.8284,
            "p(95)": 200.0019,
            "avg": 71.14708794413205,
            "min": 0,
            "med": 52.6708,
            "max": 6371.1684
        },
        "iteration_duration": {
            "avg": 1235.9681029951914,
            "min": 1034.4507,
            "med": 1152.6005,
            "max": 22051.4697,
            "p(90)": 1404.0569600000017,
            "p(95)": 1662.3455999999999
        },
        "http_req_tls_handshaking": {
            "max": 0,
            "p(90)": 0,
            "p(95)": 0,
            "avg": 0,
            "min": 0,
            "med": 0
        },
        "http_req_waiting": {
            "avg": 162.73368588867714,
            "min": 0,
            "med": 96.2261,
            "max": 2901.2792,
            "p(90)": 261.1135,
            "p(95)": 448.84685999999994
        },
        "http_req_failed": {
            "fails": 73316,
            "passes": 1,
            "thresholds": {
                "rate<0.01": false
            },
            "value": 0.000013639401503062045
        }
    },
    "root_group": {
        "id": "d41d8cd98f00b204e9800998ecf8427e",
        "groups": {},
        "checks": {
                "status is 200": {
                    "name": "status is 200",
                    "path": "::status is 200",
                    "id": "6210a8cd14cd70477eba5c5e4cb3fb5f",
                    "passes": 73316,
                    "fails": 1
                },
                "response time < 1000ms": {
                    "name": "response time < 1000ms",
                    "path": "::response time < 1000ms",
                    "id": "20fb4e832cf064157637fa0f29b41aa6",
                    "passes": 70427,
                    "fails": 2890
                }
            },
        "name": "",
        "path": ""
    }
}