{
    "metrics": {
        "http_req_tls_handshaking": {
            "p(95)": 0,
            "avg": 0,
            "min": 0,
            "med": 0,
            "max": 0,
            "p(90)": 0
        },
        "http_reqs": {
            "count": 169993,
            "rate": 1415.9280259345326
        },
        "checks": {
            "passes": 330848,
            "fails": 9138,
            "value": 0.973122422687993
        },
        "data_received": {
            "count": 2225892893,
            "rate": 18540199.478373792
        },
        "vus_max": {
            "value": 1000,
            "min": 1000,
            "max": 1000
        },
        "iteration_duration": {
            "avg": 531.7658856482277,
            "min": 102.4375,
            "med": 519.3116,
            "max": 15114.6517,
            "p(90)": 660.25952,
            "p(95)": 1185.7852799999998
        },
        "http_req_duration": {
            "p(90)": 559.4334400000004,
            "p(95)": 1084.63674,
            "avg": 430.9219887048277,
            "min": 2.1833,
            "med": 418.582,
            "max": 15014.1359,
            "thresholds": {
                "p(95)<1000": true,
                "p(99)<3000": false
            }
        },
        "http_req_sending": {
            "avg": 0.017355484049343305,
            "min": 0,
            "med": 0,
            "max": 14.9703,
            "p(90)": 0,
            "p(95)": 0
        },
        "vus": {
            "value": 6,
            "min": 6,
            "max": 1000
        },
        "http_req_duration{expected_response:true}": {
            "med": 418.582,
            "max": 15014.1359,
            "p(90)": 559.4334400000004,
            "p(95)": 1084.63674,
            "avg": 430.9219887048277,
            "min": 2.1833
        },
        "http_req_waiting": {
            "avg": 430.44858542939994,
            "min": 2.1171,
            "med": 418.1235,
            "max": 15013.6292,
            "p(90)": 558.9369400000002,
            "p(95)": 1084.49048
        },
        "http_req_failed": {
            "passes": 0,
            "fails": 169993,
            "thresholds": {
                "rate<0.01": false
            },
            "value": 0
        },
        "http_req_blocked": {
            "avg": 0.019186849458507155,
            "min": 0,
            "med": 0,
            "max": 16.0851,
            "p(90)": 0,
            "p(95)": 0
        },
        "data_sent": {
            "count": 22439076,
            "rate": 186902.4994233583
        },
        "iterations": {
            "count": 169993,
            "rate": 1415.9280259345326
        },
        "http_req_connecting": {
            "p(90)": 0,
            "p(95)": 0,
            "avg": 0.012803169542275263,
            "min": 0,
            "med": 0,
            "max": 12.7897
        },
        "http_req_receiving": {
            "p(90)": 0.9921,
            "p(95)": 1.0466,
            "avg": 0.45604779137964174,
            "min": 0,
            "med": 0.0255,
            "max": 69.8406
        }
    },
    "root_group": {
        "checks": {
            "status is 200": {
                "id": "6210a8cd14cd70477eba5c5e4cb3fb5f",
                "passes": 169993,
                "fails": 0,
                "name": "status is 200",
                "path": "::status is 200"
            },
            "response time < 1000ms": {
                "id": "20fb4e832cf064157637fa0f29b41aa6",
                "passes": 160855,
                "fails": 9138,
                "name": "response time < 1000ms",
                "path": "::response time < 1000ms"
            }
        },
        "name": "",
        "path": "",
        "id": "d41d8cd98f00b204e9800998ecf8427e",
        "groups": {}
    }
}