{
    "metrics": {
        "http_reqs": {
            "count": 73209,
            "rate": 605.7453011862297
        },
        "data_received": {
            "count": 961703649,
            "rate": 7957320.363826866
        },
        "http_req_failed": {
            "passes": 4,
            "fails": 73205,
            "thresholds": {
                "rate<0.01": false
            },
            "value": 0.000054638090945102375
        },
        "vus": {
            "value": 14,
            "min": 14,
            "max": 1000
        },
        "http_req_sending": {
            "avg": 0.5278825513256573,
            "min": 0,
            "med": 0,
            "max": 30474.8853,
            "p(90)": 0,
            "p(95)": 0
        },
        "http_req_receiving": {
            "avg": 69.13838097228538,
            "min": 0,
            "med": 51.676,
            "max": 2535.7301,
            "p(90)": 136.12819999999988,
            "p(95)": 191.51797999999977
        },
        "http_req_blocked": {
            "min": 0,
            "med": 0,
            "max": 1056.0252,
            "p(90)": 0,
            "p(95)": 0,
            "avg": 1.3219136021527413
        },
        "http_req_duration": {
            "p(95)": 612.080899999999,
            "avg": 236.73604849266826,
            "min": 0,
            "med": 156.9021,
            "max": 30598.5534,
            "p(90)": 431.35851999999994,
            "thresholds": {
                "p(99)<3000": false,
                "p(95)<1000": false
            }
        },
        "data_sent": {
            "count": 9448089,
            "rate": 78175.29971641878
        },
        "iteration_duration": {
            "max": 31598.6085,
            "p(90)": 1433.89,
            "p(95)": 1616.2827599999994,
            "avg": 1239.645478264978,
            "min": 1031.1966,
            "med": 1158.1854
        },
        "iterations": {
            "count": 73209,
            "rate": 605.7453011862297
        },
        "http_req_duration{expected_response:true}": {
            "p(95)": 612.1037000000003,
            "avg": 236.74898400518748,
            "min": 30.7569,
            "med": 156.9021,
            "max": 30598.5534,
            "p(90)": 431.3663600000001
        },
        "checks": {
            "passes": 145052,
            "fails": 1366,
            "value": 0.9906705459711238
        },
        "http_req_connecting": {
            "avg": 1.2643197421082093,
            "min": 0,
            "med": 0,
            "max": 1056.0252,
            "p(90)": 0,
            "p(95)": 0
        },
        "http_req_waiting": {
            "p(90)": 315.95808,
            "p(95)": 442.4764799999999,
            "avg": 167.06978496906217,
            "min": 0,
            "med": 104.0635,
            "max": 3358.9887
        },
        "vus_max": {
            "value": 1000,
            "min": 1000,
            "max": 1000
        },
        "http_req_tls_handshaking": {
            "min": 0,
            "med": 0,
            "max": 0,
            "p(90)": 0,
            "p(95)": 0,
            "avg": 0
        }
    },
    "root_group": {
        "checks": {
            "status is 200": {
                "name": "status is 200",
                "path": "::status is 200",
                "id": "6210a8cd14cd70477eba5c5e4cb3fb5f",
                "passes": 73205,
                "fails": 4
            },
            "response time < 1000ms": {
                "name": "response time < 1000ms",
                "path": "::response time < 1000ms",
                "id": "20fb4e832cf064157637fa0f29b41aa6",
                "passes": 71847,
                "fails": 1362
            }
        },
        "name": "",
        "path": "",
        "id": "d41d8cd98f00b204e9800998ecf8427e",
        "groups": {}
    }
}