{
    "metrics": {
        "checks": {
            "passes": 46904,
            "fails": 23264,
            "value": 0.6684528560027363
        },
        "data_sent": {
            "count": 4460113,
            "rate": 35550.25244248277
        },
        "http_req_tls_handshaking": {
            "max": 0,
            "p(90)": 0,
            "p(95)": 0,
            "avg": 0,
            "min": 0,
            "med": 0
        },
        "vus_max": {
            "value": 1000,
            "min": 1000,
            "max": 1000
        },
        "http_req_blocked": {
            "avg": 4.815746146391517,
            "min": 0,
            "med": 0,
            "max": 11141.3315,
            "p(90)": 0,
            "p(95)": 0
        },
        "iterations": {
            "count": 35084,
            "rate": 279.64427284511976
        },
        "http_req_duration": {
            "avg": 2560.5630141089973,
            "min": 0,
            "med": 1622.1012999999998,
            "max": 60001.405,
            "p(90)": 3821.7431200000005,
            "p(95)": 9950.11666,
            "thresholds": {
                "p(95)<1000": true,
                "p(99)<3000": true
            }
        },
        "vus": {
            "value": 2,
            "min": 2,
            "max": 1000
        },
        "http_req_connecting": {
            "p(95)": 0,
            "avg": 4.31658438889522,
            "min": 0,
            "med": 0,
            "max": 11141.3315,
            "p(90)": 0
        },
        "http_reqs": {
            "count": 35084,
            "rate": 279.64427284511976
        },
        "http_req_duration{expected_response:true}": {
            "med": 1620.84675,
            "max": 53279.2605,
            "p(90)": 3799.26581,
            "p(95)": 9803.32263499999,
            "avg": 2515.607501357905,
            "min": 39.0834
        },
        "iteration_duration": {
            "min": 139.6269,
            "med": 1724.0165000000002,
            "max": 60102.1579,
            "p(90)": 3933.985310000001,
            "p(95)": 10089.149129999998,
            "avg": 2666.051523762962
        },
        "http_req_failed": {
            "passes": 30,
            "fails": 35054,
            "thresholds": {
                "rate<0.01": false
            },
            "value": 0.0008550906396077984
        },
        "http_req_sending": {
            "avg": 27.372901331091057,
            "min": 0,
            "med": 0,
            "max": 46119.7336,
            "p(90)": 0,
            "p(95)": 0
        },
        "http_req_waiting": {
            "med": 1329.5304,
            "max": 60000.2698,
            "p(90)": 2951.375,
            "p(95)": 3879.5345499999976,
            "avg": 1722.8956372221003,
            "min": 0
        },
        "http_req_receiving": {
            "avg": 810.2944755557953,
            "min": 0,
            "med": 47.45955,
            "max": 56192.4045,
            "p(90)": 1516.4393400000008,
            "p(95)": 3925.5401249999977
        },
        "data_received": {
            "count": 460772427,
            "rate": 3672681.857698553
        }
    },
    "root_group": {
        "name": "",
        "path": "",
        "id": "d41d8cd98f00b204e9800998ecf8427e",
        "groups": {},
        "checks": {
                "status is 200": {
                    "name": "status is 200",
                    "path": "::status is 200",
                    "id": "6210a8cd14cd70477eba5c5e4cb3fb5f",
                    "passes": 35054,
                    "fails": 30
                },
                "response time < 1000ms": {
                    "name": "response time < 1000ms",
                    "path": "::response time < 1000ms",
                    "id": "20fb4e832cf064157637fa0f29b41aa6",
                    "passes": 11850,
                    "fails": 23234
                }
            }
    }
}