{
    "metrics": {
        "http_req_failed": {
            "passes": 2,
            "fails": 75479,
            "thresholds": {
                "rate<0.01": false
            },
            "value": 0.0000264967342775003
        },
        "iteration_duration": {
            "med": 1135.6619,
            "max": 22046.528,
            "p(90)": 1344.3421,
            "p(95)": 1536.8579,
            "avg": 1199.7085560260098,
            "min": 1033.7886
        },
        "iterations": {
            "count": 75481,
            "rate": 623.6130452938861
        },
        "http_reqs": {
            "count": 75481,
            "rate": 623.6130452938861
        },
        "http_req_blocked": {
            "p(95)": 0,
            "avg": 0.8291806520846308,
            "min": 0,
            "med": 0,
            "max": 1050.9415,
            "p(90)": 0
        },
        "vus_max": {
            "max": 1000,
            "value": 1000,
            "min": 1000
        },
        "http_req_receiving": {
            "p(95)": 192.6722,
            "avg": 69.9080768206552,
            "min": 0,
            "med": 50.0712,
            "max": 2629.3021,
            "p(90)": 125.8322
        },
        "http_req_tls_handshaking": {
            "avg": 0,
            "min": 0,
            "med": 0,
            "max": 0,
            "p(90)": 0,
            "p(95)": 0
        },
        "http_req_sending": {
            "avg": 0.06162052172069808,
            "min": 0,
            "med": 0,
            "max": 723.6747,
            "p(90)": 0,
            "p(95)": 0
        },
        "http_req_waiting": {
            "min": 0,
            "med": 82.735,
            "max": 3178.9393,
            "p(90)": 219.0736,
            "p(95)": 368.5332,
            "avg": 127.87982041440895
        },
        "vus": {
            "value": 2,
            "min": 2,
            "max": 1000
        },
        "http_req_duration": {
            "min": 0,
            "med": 134.1632,
            "max": 3323.5768,
            "p(90)": 343.2799,
            "p(95)": 535.6541,
            "avg": 197.84951775678576,
            "thresholds": {
                "p(95)<1000": false,
                "p(99)<3000": false
            }
        },
        "http_req_connecting": {
            "avg": 0.7965646030126792,
            "min": 0,
            "med": 0,
            "max": 1050.9415,
            "p(90)": 0,
            "p(95)": 0
        },
        "data_received": {
            "count": 991482530,
            "rate": 8191484.478067152
        },
        "data_sent": {
            "count": 10194120,
            "rate": 84222.33697607755
        },
        "http_req_duration{expected_response:true}": {
            "med": 134.1632,
            "max": 3323.5768,
            "p(90)": 343.28843999999987,
            "p(95)": 535.6541,
            "avg": 197.85476026179396,
            "min": 33.2701
        },
        "checks": {
            "passes": 149834,
            "fails": 1128,
            "value": 0.9925279209337449
        }
    },
    "root_group": {
        "path": "",
        "id": "d41d8cd98f00b204e9800998ecf8427e",
        "groups": {},
        "checks": {
                "status is 200": {
                    "name": "status is 200",
                    "path": "::status is 200",
                    "id": "6210a8cd14cd70477eba5c5e4cb3fb5f",
                    "passes": 75479,
                    "fails": 2
                },
                "response time < 1000ms": {
                    "name": "response time < 1000ms",
                    "path": "::response time < 1000ms",
                    "id": "20fb4e832cf064157637fa0f29b41aa6",
                    "passes": 74355,
                    "fails": 1126
                }
            },
        "name": ""
    }
}