{
    "root_group": {
        "name": "",
        "path": "",
        "id": "d41d8cd98f00b204e9800998ecf8427e",
        "groups": {},
        "checks": {
                "status is 200": {
                    "path": "::status is 200",
                    "id": "6210a8cd14cd70477eba5c5e4cb3fb5f",
                    "passes": 49808,
                    "fails": 7,
                    "name": "status is 200"
                },
                "response time < 1000ms": {
                    "name": "response time < 1000ms",
                    "path": "::response time < 1000ms",
                    "id": "20fb4e832cf064157637fa0f29b41aa6",
                    "passes": 43016,
                    "fails": 6799
                }
            }
    },
    "metrics": {
        "http_req_connecting": {
            "min": 0,
            "med": 0,
            "max": 5394.4841,
            "p(90)": 0,
            "p(95)": 0,
            "avg": 3.0944884472548444
        },
        "http_req_sending": {
            "min": 0,
            "med": 0,
            "max": 30741.2079,
            "p(90)": 0,
            "p(95)": 0,
            "avg": 0.721639182977016
        },
        "http_req_blocked": {
            "avg": 3.1504068091940165,
            "min": 0,
            "med": 0,
            "max": 5394.4841,
            "p(90)": 0,
            "p(95)": 0
        },
        "http_req_receiving": {
            "p(90)": 484.1688199999999,
            "p(95)": 623.8162,
            "avg": 317.37165195824616,
            "min": 0,
            "med": 79.7773,
            "max": 58843.4714
        },
        "iteration_duration": {
            "avg": 1851.3380432615209,
            "min": 1034.4307,
            "med": 1367.1976,
            "max": 61001.8795,
            "p(90)": 2161.1752,
            "p(95)": 3097.614
        },
        "iterations": {
            "count": 49811,
            "rate": 363.8677528755474
        },
        "http_req_tls_handshaking": {
            "med": 0,
            "max": 0,
            "p(90)": 0,
            "p(95)": 0,
            "avg": 0,
            "min": 0
        },
        "vus_max": {
            "value": 1000,
            "min": 1000,
            "max": 1000
        },
        "http_req_failed": {
            "passes": 7,
            "fails": 49808,
            "thresholds": {
                "rate<0.01": false
            },
            "value": 0.0001405199237177557
        },
        "data_sent": {
            "count": 6628587,
            "rate": 48421.61483266881
        },
        "http_req_duration": {
            "med": 363.1992,
            "max": 60001.1319,
            "p(90)": 1152.3375600000002,
            "p(95)": 2098.7002499999985,
            "avg": 850.8602191287722,
            "min": 0,
            "thresholds": {
                "p(95)<1000": true,
                "p(99)<3000": true
            }
        },
        "checks": {
            "passes": 92824,
            "fails": 6806,
            "value": 0.9316872427983539
        },
        "http_req_duration{expected_response:true}": {
            "min": 33.0285,
            "med": 363.1574,
            "max": 59640.4173,
            "p(90)": 1151.3005100000012,
            "p(95)": 2094.6965399999995,
            "avg": 846.1359151481648
        },
        "data_received": {
            "count": 654367987,
            "rate": 4780137.097897762
        },
        "http_reqs": {
            "count": 49815,
            "rate": 363.89697274689115
        },
        "http_req_waiting": {
            "med": 235.7468,
            "max": 59543.0545,
            "p(90)": 717.99388,
            "p(95)": 1248.854349999998,
            "avg": 532.7669279875587,
            "min": 0
        },
        "vus": {
            "value": 2,
            "min": 2,
            "max": 1000
        }
    }
}