{
    "root_group": {
        "name": "",
        "path": "",
        "id": "d41d8cd98f00b204e9800998ecf8427e",
        "groups": {},
        "checks": {
                "status is 200": {
                    "name": "status is 200",
                    "path": "::status is 200",
                    "id": "6210a8cd14cd70477eba5c5e4cb3fb5f",
                    "passes": 64675,
                    "fails": 8
                },
                "response time < 1000ms": {
                    "id": "20fb4e832cf064157637fa0f29b41aa6",
                    "passes": 61062,
                    "fails": 3621,
                    "name": "response time < 1000ms",
                    "path": "::response time < 1000ms"
                }
            }
    },
    "metrics": {
        "http_req_blocked": {
            "p(90)": 0,
            "p(95)": 0,
            "avg": 1.412065643213829,
            "min": 0,
            "med": 0,
            "max": 536.7792
        },
        "vus": {
            "min": 1,
            "max": 1000,
            "value": 1
        },
        "http_req_receiving": {
            "avg": 129.3851001963422,
            "min": 0,
            "med": 53.5724,
            "max": 3301.1378,
            "p(90)": 364.2162000000001,
            "p(95)": 465.27073999999925
        },
        "data_received": {
            "count": 849558453,
            "rate": 7021782.438449313
        },
        "http_reqs": {
            "count": 64683,
            "rate": 534.6188386006406
        },
        "http_req_sending": {
            "avg": 0.07015065318553558,
            "min": 0,
            "med": 0,
            "max": 744.184,
            "p(90)": 0,
            "p(95)": 0
        },
        "http_req_failed": {
            "passes": 8,
            "fails": 64675,
            "thresholds": {
                "rate<0.01": false
            },
            "value": 0.00012368010141768315
        },
        "vus_max": {
            "value": 1000,
            "min": 1000,
            "max": 1000
        },
        "checks": {
            "passes": 125737,
            "fails": 3629,
            "value": 0.9719478069972017
        },
        "data_sent": {
            "count": 8604967,
            "rate": 71121.89390932453
        },
        "iteration_duration": {
            "min": 1032.0071,
            "med": 1287.5455,
            "max": 22063.5531,
            "p(90)": 1849.90066,
            "p(95)": 2038.6831,
            "avg": 1400.1738352534564
        },
        "http_req_duration": {
            "avg": 395.8980145138562,
            "min": 0,
            "med": 285.7394,
            "max": 4575.213,
            "p(90)": 846.9256800000002,
            "p(95)": 1035.4938,
            "thresholds": {
                "p(95)<1000": true,
                "p(99)<3000": false
            }
        },
        "http_req_connecting": {
            "min": 0,
            "med": 0,
            "max": 536.7703,
            "p(90)": 0,
            "p(95)": 0,
            "avg": 1.3798114759674112
        },
        "http_req_waiting": {
            "p(95)": 698.7764299999991,
            "avg": 266.4427636643351,
            "min": 0,
            "med": 201.8091,
            "max": 4064.0541,
            "p(90)": 516.4386000000001
        },
        "http_req_duration{expected_response:true}": {
            "p(95)": 1035.5279399999995,
            "avg": 395.93867923153863,
            "min": 31.3516,
            "med": 285.8091,
            "max": 4575.213,
            "p(90)": 846.94594
        },
        "http_req_tls_handshaking": {
            "avg": 0,
            "min": 0,
            "med": 0,
            "max": 0,
            "p(90)": 0,
            "p(95)": 0
        },
        "iterations": {
            "rate": 534.6188386006406,
            "count": 64683
        }
    }
}