{
    "root_group": {
        "name": "",
        "path": "",
        "id": "d41d8cd98f00b204e9800998ecf8427e",
        "groups": {},
        "checks": {
                "status is 200": {
                    "id": "6210a8cd14cd70477eba5c5e4cb3fb5f",
                    "passes": 65859,
                    "fails": 4,
                    "name": "status is 200",
                    "path": "::status is 200"
                },
                "response time < 1000ms": {
                    "name": "response time < 1000ms",
                    "path": "::response time < 1000ms",
                    "id": "20fb4e832cf064157637fa0f29b41aa6",
                    "passes": 61871,
                    "fails": 3992
                }
            }
    },
    "metrics": {
        "http_req_duration": {
            "p(90)": 717.1607600000003,
            "p(95)": 1144.1861399999998,
            "avg": 371.6859354827491,
            "min": 0,
            "med": 267.5112,
            "max": 3260.7943,
            "thresholds": {
                "p(95)<1000": true,
                "p(99)<3000": false
            }
        },
        "http_req_tls_handshaking": {
            "p(95)": 0,
            "avg": 0,
            "min": 0,
            "med": 0,
            "max": 0,
            "p(90)": 0
        },
        "vus_max": {
            "max": 1000,
            "value": 1000,
            "min": 1000
        },
        "iteration_duration": {
            "p(90)": 1723.66288,
            "p(95)": 2149.9385999999977,
            "avg": 1375.3870792842622,
            "min": 1033.4559,
            "med": 1269.1806,
            "max": 22042.8222
        },
        "http_req_blocked": {
            "avg": 2.231408034860237,
            "min": 0,
            "med": 0,
            "max": 1361.7942,
            "p(90)": 0,
            "p(95)": 0
        },
        "http_req_connecting": {
            "avg": 2.1565596040265422,
            "min": 0,
            "med": 0,
            "max": 1361.7942,
            "p(90)": 0,
            "p(95)": 0
        },
        "data_sent": {
            "count": 8894745,
            "rate": 73619.06160224226
        },
        "http_req_duration{expected_response:true}": {
            "avg": 371.69327953355355,
            "min": 32.0983,
            "med": 267.5112,
            "max": 3260.7943,
            "p(90)": 717.0904400000005,
            "p(95)": 1144.1974599999999
        },
        "http_req_receiving": {
            "p(90)": 281.5622000000001,
            "p(95)": 369.6417,
            "avg": 117.23984971683457,
            "min": 0,
            "med": 58.8421,
            "max": 2143.0755
        },
        "iterations": {
            "count": 65863,
            "rate": 545.1277416394154
        },
        "checks": {
            "passes": 127730,
            "fails": 3996,
            "value": 0.9696643031747719
        },
        "http_req_sending": {
            "avg": 0.14317008942805476,
            "min": 0,
            "med": 0,
            "max": 1312.4979,
            "p(90)": 0,
            "p(95)": 0
        },
        "vus": {
            "value": 16,
            "min": 16,
            "max": 1000
        },
        "http_req_failed": {
            "passes": 4,
            "fails": 65859,
            "thresholds": {
                "rate<0.01": false
            },
            "value": 0.00006073212577623248
        },
        "http_req_waiting": {
            "p(95)": 752.9584099999951,
            "avg": 254.30291567647654,
            "min": 0,
            "med": 186.9396,
            "max": 2642.68,
            "p(90)": 456.90562
        },
        "data_received": {
            "count": 865115313,
            "rate": 7160292.680767138
        },
        "http_reqs": {
            "rate": 545.1277416394154,
            "count": 65863
        }
    }
}