{
    "root_group": {
        "name": "",
        "path": "",
        "id": "d41d8cd98f00b204e9800998ecf8427e",
        "groups": {},
        "checks": {
                "status is 200": {
                    "name": "status is 200",
                    "path": "::status is 200",
                    "id": "6210a8cd14cd70477eba5c5e4cb3fb5f",
                    "passes": 41611,
                    "fails": 4
                },
                "response time < 1000ms": {
                    "id": "20fb4e832cf064157637fa0f29b41aa6",
                    "passes": 14624,
                    "fails": 26991,
                    "name": "response time < 1000ms",
                    "path": "::response time < 1000ms"
                }
            }
    },
    "metrics": {
        "http_reqs": {
            "count": 41615,
            "rate": 344.4190211461452
        },
        "http_req_failed": {
            "passes": 4,
            "fails": 41611,
            "thresholds": {
                "rate<0.01": false
            },
            "value": 0.00009611918779286315
        },
        "http_req_blocked": {
            "avg": 1.4409049477351932,
            "min": 0,
            "med": 0,
            "max": 3053.7396,
            "p(90)": 0,
            "p(95)": 0
        },
        "vus": {
            "value": 22,
            "min": 22,
            "max": 1000
        },
        "http_req_waiting": {
            "avg": 1112.7436799303052,
            "min": 0,
            "med": 1038.2689,
            "max": 5082.3489,
            "p(90)": 1916.63344,
            "p(95)": 2027.8383199999994
        },
        "iteration_duration": {
            "min": 1037.2684,
            "med": 2090.6612,
            "max": 61000.6697,
            "p(90)": 2965.62226,
            "p(95)": 3198.461109999999,
            "avg": 2188.668827124859
        },
        "iterations": {
            "count": 41615,
            "rate": 344.4190211461452
        },
        "http_req_duration": {
            "p(90)": 1964.98756,
            "p(95)": 2196.94483,
            "avg": 1185.7364411798544,
            "min": 0,
            "med": 1089.8878,
            "max": 60000.2724,
            "thresholds": {
                "p(95)<1000": true,
                "p(99)<3000": false
            }
        },
        "data_sent": {
            "count": 5288915,
            "rate": 43772.74846149621
        },
        "http_req_sending": {
            "avg": 6.577865183227198,
            "min": 0,
            "med": 0,
            "max": 30218.1749,
            "p(90)": 0,
            "p(95)": 0
        },
        "http_req_duration{expected_response:true}": {
            "p(90)": 1964.957,
            "p(95)": 2195.9577499999996,
            "avg": 1182.9665614621051,
            "min": 34.4773,
            "med": 1089.8878,
            "max": 32351.1707
        },
        "http_req_receiving": {
            "avg": 66.41489606632214,
            "min": 0,
            "med": 43.8351,
            "max": 59178.934,
            "p(90)": 74.28245999999999,
            "p(95)": 111.47990999999992
        },
        "checks": {
            "passes": 56235,
            "fails": 26995,
            "value": 0.6756578156914574
        },
        "vus_max": {
            "max": 1000,
            "value": 1000,
            "min": 1000
        },
        "http_req_connecting": {
            "avg": 1.4048481509071256,
            "min": 0,
            "med": 0,
            "max": 3053.7396,
            "p(90)": 0,
            "p(95)": 0
        },
        "data_received": {
            "count": 546706634,
            "rate": 4524718.580713297
        },
        "http_req_tls_handshaking": {
            "med": 0,
            "max": 0,
            "p(90)": 0,
            "p(95)": 0,
            "avg": 0,
            "min": 0
        }
    }
}